Date,Close,Return
2018-01-03,54.128623962402344,0.017060854519272972
2018-01-04,54.338897705078125,0.003884705120563048
2018-01-05,55.05943298339844,0.013260027507937089
2018-01-08,55.253822326660156,0.0035305365988844706
2018-01-09,55.18341064453125,-0.0012743314247588566
2018-01-10,55.05199432373047,-0.0023814461495921257
2018-01-11,55.1467170715332,0.0017206052017975093
2018-01-12,56.069095611572266,0.016725901178171743
2018-01-16,56.07156753540039,4.4087100053324946e-05
2018-01-17,56.48812484741211,0.007429029191108771
2018-01-18,56.33290481567383,-0.002747834737966026
2018-01-19,56.70632553100586,0.00662882051891156
2018-01-22,57.730857849121094,0.018067337435839326
2018-01-23,58.326438903808594,0.0103165114269399
2018-01-24,58.08443069458008,-0.0041492025533674814
2018-01-25,58.62248229980469,0.00926326726096005
2018-01-26,58.89126205444336,0.0045849261937440655
2018-01-29,58.83770751953125,-0.000909379983444758
2018-01-30,58.38594436645508,-0.007678122960963596
2018-01-31,58.62644958496094,0.00411923145400106
2018-02-01,58.59521484375,-0.0005327755890397468
2018-02-02,55.50128173828125,-0.052801804954876075
2018-02-05,52.68406677246094,-0.05075945775639945
2018-02-06,53.777034759521484,0.02074570271465581
2018-02-07,52.337928771972656,-0.02676060504236011
2018-02-08,49.972476959228516,-0.04519574748649313
2018-02-09,51.884674072265625,0.03826500564695312
2018-02-12,52.2957763671875,0.007923385899067048
2018-02-13,52.27494812011719,-0.00039827780591816797
2018-02-14,53.19533157348633,0.017606587600130785
2018-02-15,54.120697021484375,0.017395613874869875
2018-02-16,54.32600021362305,0.003793432151422138
2018-02-20,54.72718048095703,0.007384682578442048
2018-02-21,55.231014251708984,0.009206280431846237
2018-02-22,55.04009246826172,-0.0034567857576752736
2018-02-23,55.942138671875,0.016388893316874986
2018-02-26,56.71623992919922,0.013837534204129476
2018-02-27,55.41748046875,-0.02289925182047514
2018-02-28,54.74354553222656,-0.012161053350367879
2018-03-01,53.131370544433594,-0.029449590305471007
2018-03-02,53.76264953613281,0.011881473886906191
2018-03-05,54.28929901123047,0.00979582441791127
2018-03-06,54.593780517578125,0.005608499499775599
2018-03-07,55.294986724853516,0.012844067595751518
2018-03-08,56.0061149597168,0.012860627644271538
2018-03-09,57.566219329833984,0.02785596485739661
2018-03-12,57.81863021850586,0.004384704981677645
2018-03-13,56.52829360961914,-0.022316969530587816
2018-03-14,56.973609924316406,0.007877759724583155
2018-03-15,57.05891036987305,0.0014971922205728738
2018-03-16,56.256046295166016,-0.014070792265443277
2018-03-19,54.5526237487793,-0.030279812723580823
2018-03-20,54.34087371826172,-0.0038815737166503217
2018-03-21,54.25161361694336,-0.0016425959910240095
2018-03-22,52.22584915161133,-0.037340169817536295
2018-03-23,50.906761169433594,-0.025257377402298054
2018-03-26,52.272464752197266,0.0268275480779101
2018-03-27,49.934295654296875,-0.04473041608014294
2018-03-28,49.847015380859375,-0.0017479023643740543
2018-03-29,51.431915283203125,0.031795281828495
2018-04-02,50.21646499633789,-0.023632219025336965
2018-04-03,50.516475677490234,0.005974348874900448
2018-04-04,51.06345748901367,0.010827790422584194
2018-04-05,51.20875930786133,0.0028455146986261504
2018-04-06,50.083560943603516,-0.02197277144508125
2018-04-09,50.58641052246094,0.010040212185065123
2018-04-10,51.400177001953125,0.0160866618344242
2018-04-11,50.832862854003906,-0.011037202224569387
2018-04-12,51.43935012817383,0.011931007622210998
2018-04-13,51.37736129760742,-0.0012050858032215395
2018-04-16,51.87624740600586,0.009710232207306158
2018-04-17,53.525611877441406,0.031794213226853385
2018-04-18,53.328739166259766,-0.003678102954384199
2018-04-19,54.02597427368164,0.013074284491297439
2018-04-20,53.4244499206543,-0.011133984367966754
2018-04-23,53.250389099121094,-0.003258074192466487
2018-04-24,50.71285629272461,-0.04765285004158526
2018-04-25,50.73021697998047,0.0003423330596021845
2018-04-26,51.73788833618164,0.019863336216338734
2018-04-27,51.14974594116211,-0.011367730959522482
2018-04-30,50.51152801513672,-0.012477440782590388
2018-05-01,51.61093521118164,0.021765470957747723
2018-05-02,50.8819580078125,-0.014124471885392342
2018-05-03,50.89435958862305,0.00024373238169506095
2018-05-04,52.11922836303711,0.024066886474545024
2018-05-07,52.53876495361328,0.008049554910020573
2018-05-08,52.49562072753906,-0.000821188433194231
2018-05-09,54.001182556152344,0.028679760478067307
2018-05-10,54.820404052734375,0.015170436234987594
2018-05-11,54.716766357421875,-0.0018904949188773834
2018-05-14,54.8764533996582,0.0029184298135094267
2018-05-15,53.79884719848633,-0.019636950539128395
2018-05-16,53.76017379760742,-0.000718851850788238
2018-05-17,53.619834899902344,-0.0026104621282181384
2018-05-18,53.0435905456543,-0.010746850588476797
2018-05-21,53.756202697753906,0.013434462953375359
2018-05-22,53.32476806640625,-0.008025764650330891
2018-05-23,53.852909088134766,0.009904234765180986
2018-05-24,53.82761764526367,-0.0004696393063873261
2018-05-25,53.75967788696289,-0.0012621728635385798
2018-05-29,52.965736389160156,-0.014768345514869052
2018-05-30,53.431888580322266,0.008801014069494073
2018-05-31,54.54915237426758,0.020910056216069783
2018-06-01,56.28480911254883,0.031818216465999694
2018-06-04,57.17941665649414,0.015894298267165263
2018-06-05,57.07923889160156,-0.0017519899773443814
2018-06-06,56.877410888671875,-0.0035359266670141887
2018-06-07,56.256046295166016,-0.010924628667118408
2018-06-08,56.17124938964844,-0.0015073385191818334
2018-06-11,56.57738494873047,0.007230310229789483
2018-06-12,56.93890380859375,0.0063898121164647215
2018-06-13,56.74251937866211,-0.003449037771991681
2018-06-14,57.53001403808594,0.013878387284297578
2018-06-15,57.48835754394531,-0.000724082808550075
2018-06-18,58.69389343261719,0.020970087512942825
2018-06-19,58.45140075683594,-0.0041314804931051885
2018-06-20,58.71820068359375,0.004564474474576308
2018-06-21,57.9926872253418,-0.012355853037143039
2018-06-22,57.98525619506836,-0.00012813736746775106
2018-06-25,56.49705505371094,-0.025665164543741237
2018-06-26,56.16678237915039,-0.005845838765340283
2018-06-27,55.38920593261719,-0.013844062515175226
2018-06-28,55.877174377441406,0.00880981116461288
2018-06-29,55.99668502807617,0.0021388098443828607
2018-07-02,56.63739013671875,0.011441839964657419
2018-07-03,55.356475830078125,-0.02261605458070337
2018-07-05,56.59672546386719,0.02240477948047359
2018-07-06,57.28057861328125,0.012082910165017502
2018-07-09,57.885581970214844,0.0105621027507099
2018-07-10,57.87863540649414,-0.00012000507698584073
2018-07-11,58.092864990234375,0.003701358579649483
2018-07-12,59.57065200805664,0.025438356639334136
2018-07-13,59.72735595703125,0.0026305562167325824
2018-07-16,59.33509826660156,-0.006567471205520703
2018-07-17,60.15679931640625,0.013848482159963149
2018-07-18,60.14837646484375,-0.00014001495522053542
2018-07-19,59.46353530883789,-0.01138586269915609
2018-07-20,59.403038024902344,-0.0010173845806734638
2018-07-23,60.05366134643555,0.010952694393516538
2018-07-24,62.39183044433594,0.03893466352387809
2018-07-25,63.274044036865234,0.01413988956961898
2018-07-26,63.748130798339844,0.007492594612704018
2018-07-27,62.13098907470703,-0.025367672798885077
2018-07-30,60.99785614013672,-0.01823780614868087
2018-07-31,60.85800552368164,-0.002292713634619914
2018-08-01,61.14414596557617,0.004701771598202953
2018-08-02,61.54780578613281,0.0066017737950563316
2018-08-03,61.4005241394043,-0.0023929634021445656
2018-08-06,61.37622833251953,-0.0003956938027044332
2018-08-07,62.27728271484375,0.014680836649696882
2018-08-08,62.54953384399414,0.004371596146816037
2018-08-09,62.704742431640625,0.0024813708129878265
2018-08-10,62.11214828491211,-0.009450547498453532
2018-08-13,61.920230865478516,-0.0030898531886750513
2018-08-14,62.39133071899414,0.007608173401987051
2018-08-15,61.105960845947266,-0.020601738386316626
2018-08-16,60.701297760009766,-0.00662231769757593
2018-08-17,60.29417037963867,-0.006707062211103398
2018-08-20,60.5966682434082,0.0050170333527250754
2018-08-21,60.37153244018555,-0.0037153165305775504
2018-08-22,60.58675003051758,0.003564885329774725
2018-08-23,60.557491302490234,-0.000482922883511705
2018-08-24,61.330604553222656,0.012766599707221271
2018-08-27,62.29859924316406,0.015783224329728895
2018-08-28,61.782371520996094,-0.008286345575010845
2018-08-29,62.71416473388672,0.015081862187403594
2018-08-30,62.207855224609375,-0.008073287931454565
2018-08-31,61.08513641357422,-0.018047862395857206
2018-09-04,60.06903076171875,-0.016634253625562367
2018-09-05,59.46353530883789,-0.01007999372060342
2018-09-06,58.7142333984375,-0.012601031985547406
2018-09-07,58.3968505859375,-0.005405551501391881
2018-09-10,58.271385192871094,-0.0021484958830403356
2018-09-11,59.01176834106445,0.012705775669186181
2018-09-12,58.09981155395508,-0.015453812226717711
2018-09-13,58.62248229980469,0.00899608332402635
2018-09-14,58.41619110107422,-0.0035189775430433112
2018-09-17,57.516136169433594,-0.015407627828444181
2018-09-18,57.87714385986328,0.00627663321065608
2018-09-19,58.23221206665039,0.006134860553016042
2018-09-20,59.090126037597656,0.014732635778378578
2018-09-21,58.12559127807617,-0.016323112238883608
2018-09-24,58.494544982910156,0.006347526050425767
2018-09-25,59.205169677734375,0.012148563511893862
2018-09-26,59.21359634399414,0.00014232990641915855
2018-09-27,59.87314987182617,0.011138548721149055
2018-09-28,59.85926055908203,-0.0002319789884760448
2018-10-01,59.93115997314453,0.0012011410329990646
2018-10-02,59.88703536987305,-0.0007362547845103373
2018-10-03,60.0799446105957,0.0032212187417730576
2018-10-04,58.371063232421875,-0.028443457950066864
2018-10-05,57.912845611572266,-0.007850081795239494
2018-10-08,57.32223129272461,-0.01019833013920557
2018-10-09,56.78913497924805,-0.009299992366909593
2018-10-10,54.16036605834961,-0.04628999758244323
2018-10-11,54.08995056152344,-0.0013001296326230483
2018-10-12,55.56773376464844,0.027320845883268552
2018-10-15,54.67015075683594,-0.01615295328785804
2018-10-16,56.18959426879883,0.027792927053029937
2018-10-17,55.91734313964844,-0.004845223260520504
2018-10-18,54.44550704956055,-0.026321638465763963
2018-10-19,54.806026458740234,0.006621655830140627
2018-10-22,55.11299133300781,0.005600932855416296
2018-10-23,55.28853988647461,0.003185248146051256
2018-10-24,52.422725677490234,-0.051833783544814604
2018-10-25,54.72718048095703,0.04395908022112449
2018-10-26,53.743309020996094,-0.017977748009570638
2018-10-29,51.312400817871094,-0.04523182973670836
2018-10-30,52.04534912109375,0.01428403839111314
2018-10-31,54.082008361816406,0.03913239655639478
2018-11-01,53.85389709472656,-0.004217877146198923
2018-11-02,53.135337829589844,-0.013342753336361257
2018-11-05,52.353797912597656,-0.014708477426052302
2018-11-06,53.04012680053711,0.013109438384685035
2018-11-07,54.9577751159668,0.0361546706447593
2018-11-08,54.28285217285156,-0.012280754482711043
2018-11-09,53.40957260131836,-0.01608757713674369
2018-11-12,52.037906646728516,-0.025682024546962667
2018-11-13,51.96897888183594,-0.0013245683643754447
2018-11-14,52.29676818847656,0.0063074032565837435
2018-11-15,53.113521575927734,0.015617664642442408
2018-11-16,52.97565841674805,-0.002595632055438224
2018-11-19,50.94989776611328,-0.03823946150321611
2018-11-20,51.10015869140625,0.0029491899273821343
2018-11-21,51.74383544921875,0.012596374929081167
2018-11-23,51.082801818847656,-0.0127751185166749
2018-11-26,52.36421585083008,0.025085038141146487
2018-11-27,52.18270492553711,-0.0034663161157619804
2018-11-28,54.14201736450195,0.037547161301061616
2018-11-29,54.28036880493164,0.0025553432835401235
2018-11-30,55.0276985168457,0.01376795567841027
2018-12-03,55.36044692993164,0.006046925858330665
2018-12-04,52.68804168701172,-0.048272826379135214
2018-12-06,53.462135314941406,0.014692017451096717
2018-12-07,51.90004348754883,-0.02921865761983533
2018-12-10,52.22734451293945,0.006306372854372411
2018-12-11,52.647369384765625,0.008042240625925512
2018-12-12,53.246421813964844,0.01137858237172562
2018-12-13,53.23699951171875,-0.0001769565338871626
2018-12-14,52.15444564819336,-0.02033461452475538
2018-12-17,50.862125396728516,-0.02477871704709822
2018-12-18,51.74284362792969,0.01731579685928386
2018-12-19,51.34860610961914,-0.007619169930926373
2018-12-20,50.75947189331055,-0.011473227044389689
2018-12-21,49.156227111816406,-0.03158513518154682
2018-12-24,48.82992172241211,-0.006638129258009218
2018-12-26,51.9630241394043,0.06416357648089677
2018-12-27,52.21345901489258,0.004819482307581335
2018-12-28,51.90501022338867,-0.00590745752768318
2018-12-31,51.81970977783203,-0.001643395217331145
2019-01-02,52.30173110961914,0.009301891767701687
2019-01-03,50.85319900512695,-0.027695681839979835
2019-01-04,53.46163558959961,0.05129346109002264
2019-01-07,53.35502243041992,-0.0019941993544325687
2019-01-08,53.82365417480469,0.008783273308448303
2019-01-09,53.63917541503906,-0.0034274662802805667
2019-01-10,53.499332427978516,-0.002607105459368042
2019-01-11,52.78721237182617,-0.013310821347369273
2019-01-14,52.14453125,-0.012174939591414913
2019-01-15,53.88018035888672,0.033285352601318374
2019-01-16,54.02894973754883,0.002761115082970722
2019-01-17,54.50551223754883,0.008820502754818493
2019-01-18,54.911163330078125,0.007442386574799453
2019-01-22,53.48941421508789,-0.025891804667184215
2019-01-23,53.77604293823242,0.005358606508419683
2019-01-24,53.755706787109375,-0.0003781637698111462
2019-01-25,54.62403106689453,0.016153155296125377
2019-01-28,53.5504035949707,-0.019654856131160026
2019-01-29,53.06441879272461,-0.009075278048730429
2019-01-30,54.4494743347168,0.026101398517194063
2019-01-31,55.833038330078125,0.025410052388314286
2019-02-01,55.47251892089844,-0.006457098161994024
2019-02-04,56.603172302246094,0.020382225349454997
2019-02-05,57.121395111083984,0.009155366877155124
2019-02-06,55.68427276611328,-0.025159090427954944
2019-02-07,54.84223175048828,-0.015121702660314207
2019-02-08,54.66717529296875,-0.003192000980484777
2019-02-11,54.65428161621094,-0.00023585774623824385
2019-02-12,55.916847229003906,0.023100946082483587
2019-02-13,55.96892166137695,0.0009312834137407133
2019-02-14,55.99718475341797,0.0005049783201471758
2019-02-15,55.522605895996094,-0.00847504851380776
2019-02-19,55.8637809753418,0.006144795868997743
2019-02-20,55.570213317871094,-0.0052550624455635075
2019-02-21,54.75792694091797,-0.014617298161277659
2019-02-22,55.370365142822266,0.01118446654427041
2019-02-25,55.40855407714844,0.0006896998823768818
2019-02-26,55.64063262939453,0.004188496814462317
2019-02-27,55.68427276611328,0.0007843213611431477
2019-02-28,55.86577224731445,0.003259438835872208
2019-03-01,56.95526885986328,0.01950204156716362
2019-03-04,57.19826126098633,0.004266372646241523
2019-03-05,57.98029327392578,0.013672303942442676
2019-03-06,57.7695426940918,-0.0036348657092557524
2019-03-07,57.0708122253418,-0.012095135882414731
2019-03-08,57.02717208862305,-0.000764666473405673
2019-03-11,58.47967529296875,0.025470370547016508
2019-03-12,59.37179183959961,0.015255155610245374
2019-03-13,59.461551666259766,0.0015118261362678798
2019-03-14,59.137725830078125,-0.005445970162352598
2019-03-15,59.02714538574219,-0.0018698798911150893
2019-03-18,58.94036102294922,-0.0014702449563812614
2019-03-19,59.630157470703125,0.011703295259513746
2019-03-20,60.8188362121582,0.019934187529843328
2019-03-21,61.29985809326172,0.007909093811422796
2019-03-22,59.887535095214844,-0.023039580220531097
2019-03-25,59.378238677978516,-0.008504214047657888
2019-03-26,59.00433349609375,-0.006297006954223416
2019-03-27,58.41767883300781,-0.009942569101721532
2019-03-28,58.13302993774414,-0.004872649871580204
2019-03-29,58.36213302612305,0.003941014060754311
2019-04-01,59.457584381103516,0.018769899216845687
2019-04-02,59.78289794921875,0.00547135527790843
2019-04-03,60.04423141479492,0.004371375000893352
2019-04-04,60.472694396972656,0.007135789268711612
2019-04-05,60.07596969604492,-0.006560393990772684
2019-04-08,59.918766021728516,-0.002616748012754133
2019-04-09,59.641563415527344,-0.004626306992047358
2019-04-10,59.82801818847656,0.0031262556222775295
2019-04-11,59.983734130859375,0.0026027260654408746
2019-04-12,60.63534927368164,0.010863197369485489
2019-04-15,60.823787689208984,0.0031077320042607326
2019-04-16,61.0905876159668,0.0043864405176652355
2019-04-17,61.498714447021484,0.006680682687491668
2019-04-18,61.56467056274414,0.0010724795845851176
2019-04-22,62.17413330078125,0.009899553306566888
2019-04-23,63.00873565673828,0.013423626702111946
2019-04-24,62.486053466796875,-0.008295392448261385
2019-04-25,62.84756851196289,0.0057855317324226885
2019-04-26,63.34742736816406,0.007953511456947115
2019-04-29,64.27873229980469,0.014701543067061618
2019-04-30,59.45659255981445,-0.07501921035870973
2019-05-01,58.18510055541992,-0.021385214820633824
2019-05-02,57.847389221191406,-0.005804086114912788
2019-05-03,58.989952087402344,0.01975132986282424
2019-05-06,59.18384552001953,0.0032868891354564944
2019-05-07,58.45983123779297,-0.012233309205662457
2019-05-08,58.05914306640625,-0.006854076772080719
2019-05-09,57.91979217529297,-0.0024001541144672567
2019-05-10,57.90342712402344,-0.000282546788496818
2019-05-13,56.36365509033203,-0.026592070800807166
2019-05-14,55.781959533691406,-0.010320401608241325
2019-05-15,58.06013870239258,0.04084078773398403
2019-05-16,58.73951721191406,0.0117012898126867
2019-05-17,57.959964752197266,-0.01327134604978808
2019-05-20,56.763851165771484,-0.02063689292323867
2019-05-21,57.248836517333984,0.00854391204265137
2019-05-22,57.31875991821289,0.0012213942698684477
2019-05-23,56.79756546020508,-0.009092912316168267
2019-05-24,56.463829040527344,-0.005875893041781266
2019-05-28,56.51094055175781,0.0008343662133976082
2019-05-29,55.53797912597656,-0.017217222298576362
2019-05-30,55.61087417602539,0.0013125261523017073
2019-05-31,54.87148666381836,-0.013295736187614038
2019-06-03,51.51125717163086,-0.06123817116118335
2019-06-04,52.292301177978516,0.015162588708431013
2019-06-05,51.80384063720703,-0.009340964726509027
2019-06-06,51.95856475830078,0.0029867306977742203
2019-06-07,52.980613708496094,0.0196704615485368
2019-06-10,53.694217681884766,0.013469152647324512
2019-06-11,53.608924865722656,-0.0015884916448067887
2019-06-12,53.512718200683594,-0.0017946016503788131
2019-06-13,54.10333251953125,0.011036896250209649
2019-06-14,53.86976623535156,-0.004317040620286594
2019-06-17,54.246158599853516,0.006987079967222032
2019-06-18,54.80900192260742,0.010375726821611808
2019-06-19,54.77280044555664,-0.0006605023952434008
2019-06-20,55.203739166259766,0.00786775036510079
2019-06-21,55.807254791259766,0.01093251352380964
2019-06-24,55.3773078918457,-0.007704139919123887
2019-06-25,53.93324661254883,-0.026076769244853693
2019-06-26,53.573219299316406,-0.006675424452357248
2019-06-27,53.39023208618164,-0.003415647137283373
2019-06-28,53.69620132446289,0.005730809294617112
2019-07-01,54.54915237426758,0.015884755881532042
2019-07-02,55.17399215698242,0.011454619467370364
2019-07-03,55.689231872558594,0.009338452691808108
2019-07-05,56.16926574707031,0.008619868839459865
2019-07-08,55.381771087646484,-0.014020027660142653
2019-07-09,55.75369644165039,0.0067156637770811045
2019-07-10,56.577884674072266,0.014782665276452889
2019-07-11,56.735084533691406,0.0027784683100953167
2019-07-12,56.79756546020508,0.0011012749346759332
2019-07-15,57.05394744873047,0.004513960879274359
2019-07-16,57.20023727416992,0.002564061418728558
2019-07-17,56.86699676513672,-0.005825858858520605
2019-07-18,56.891788482666016,0.0004359596767820051
2019-07-19,56.11371612548828,-0.013676356077552354
2019-07-22,56.49357986450195,0.006769534531702925
2019-07-23,56.93196105957031,0.00775984096104021
2019-07-24,56.51936721801758,-0.007247139109102907
2019-07-25,56.331424713134766,-0.0033252761687483368
2019-07-26,61.750633239746094,0.09620222733950734
2019-07-29,61.5830192565918,-0.0027143686527640876
2019-07-30,60.89669418334961,-0.011144712966776549
2019-07-31,60.41070556640625,-0.007980541857988688
2019-08-01,60.092342376708984,-0.005269979661921109
2019-08-02,59.32567596435547,-0.012758138259071572
2019-08-05,57.26421356201172,-0.034748232849168614
2019-08-06,58.07402038574219,0.01414158640026586
2019-08-07,58.313541412353516,0.0041244092456553805
2019-08-08,59.815128326416016,0.025750226751695582
2019-08-09,58.95771789550781,-0.014334340741179119
2019-08-12,58.24361038208008,-0.012112197332558972
2019-08-13,59.34600067138672,0.018927231366237862
2019-08-14,57.735321044921875,-0.027140491494676566
2019-08-15,57.98674011230469,0.004354683802436865
2019-08-16,58.4771842956543,0.008457867822880827
2019-08-19,59.52998352050781,0.018003589562908484
2019-08-20,58.69141387939453,-0.014086508873707326
2019-08-21,59.09061813354492,0.006801748803849206
2019-08-22,59.08763885498047,-5.041880857836745e-05
2019-08-23,57.20619201660156,-0.03184163176661303
2019-08-26,58.078975677490234,0.015256804029804671
2019-08-27,58.061119079589844,-0.00030745373333629367
2019-08-28,58.2064208984375,0.0025025666254980816
2019-08-29,59.22252655029297,0.01745693406623361
2019-08-30,59.03854751586914,-0.0031065718594019964
2019-09-03,57.99814987182617,-0.01762234485466152
2019-09-04,58.62893295288086,0.010875917291304882
2019-09-05,60.112674713134766,0.025307330110311943
2019-09-06,59.821571350097656,-0.004842628687315775
2019-09-09,59.76950454711914,-0.000870368360499918
2019-09-10,59.79083251953125,0.000356837028744339
2019-09-11,60.49997329711914,0.01186035965222998
2019-09-12,61.24232864379883,0.012270341724515132
2019-09-13,61.49325180053711,0.004097217762533356
2019-09-16,61.07669448852539,-0.006774032919301232
2019-09-17,60.98991394042969,-0.001420845525816783
2019-09-18,61.127281188964844,0.002252294513307884
2019-09-19,61.42978286743164,0.0049487180287253185
2019-09-20,60.987937927246094,-0.007192682760072122
2019-09-23,61.22844696044922,0.003943550829510478
2019-09-24,60.41714859008789,-0.013250350296903468
2019-09-25,61.786338806152344,0.022662277979286882
2019-09-26,61.60533142089844,-0.002929569687270095
2019-09-27,60.79502487182617,-0.0131531886994668
2019-09-30,60.556495666503906,-0.003923498770255551
2019-10-01,59.805702209472656,-0.01239823158139819
2019-10-02,58.41321563720703,-0.02328350844186
2019-10-03,58.98400115966797,0.009771513453496139
2019-10-04,60.051673889160156,0.018101056362758827
2019-10-07,59.91728973388672,-0.002237808649954931
2019-10-08,59.01871109008789,-0.014996984139131198
2019-10-09,59.62718200683594,0.010309796766304391
2019-10-10,59.977779388427734,0.005879824767697439
2019-10-11,60.28722381591797,0.005159317844800615
2019-10-14,60.389381408691406,0.0016945147961260343
2019-10-15,61.60285186767578,0.020094103146579556
2019-10-16,61.64054489135742,0.0006118714075544762
2019-10-17,62.126522064208984,0.007884050566199674
2019-10-18,61.7104606628418,-0.006697001337644171
2019-10-21,61.70401382446289,-0.00010446913391437551
2019-10-22,61.5512809753418,-0.0024752498201427997
2019-10-23,62.366050720214844,0.013237250825038904
2019-10-24,62.4394416809082,0.001176777426914688
2019-10-25,62.696815490722656,0.004121974874947476
2019-10-28,63.92069625854492,0.01952062091580009
2019-10-29,62.51630783081055,-0.021970793654279674
2019-10-30,62.518287658691406,3.1668982855226346e-05
2019-10-31,62.42406463623047,-0.0015071273700798526
2019-11-01,63.0910530090332,0.010684795626326737
2019-11-04,63.951942443847656,0.013645190462920231
2019-11-05,64.04268646240234,0.0014189407715701208
2019-11-06,64.02135467529297,-0.00033308701254897155
2019-11-07,64.81132507324219,0.012339170296471247
2019-11-08,64.91349029541016,0.0015763483010493573
2019-11-11,64.38188934326172,-0.008189375578623426
2019-11-12,64.32881927490234,-0.0008243011955804125
2019-11-13,64.27774810791016,-0.0007939080425826139
2019-11-14,64.92093658447266,0.01000639405541559
2019-11-15,66.13043212890625,0.018630284898306204
2019-11-18,65.45104217529297,-0.010273484260453158
2019-11-19,65.09152221679688,-0.00549296002855415
2019-11-20,64.5594253540039,-0.00817459547221433
2019-11-21,64.47412109375,-0.0013213292991093306
2019-11-22,64.15327453613281,-0.0049763618669675935
2019-11-25,64.74687194824219,0.009252799898390895
2019-11-26,65.11184692382812,0.005636951478948493
2019-11-27,65.06869506835938,-0.0006627343180609646
2019-11-29,64.66999816894531,-0.006127322808536451
2019-12-02,63.91474533081055,-0.011678565942768837
2019-12-03,64.20632934570312,0.004562077395183106
2019-12-04,65.40641784667969,0.01869112458547484
2019-12-05,65.80413055419922,0.006080637353536478
2019-12-06,66.42051696777344,0.009366986667600274
2019-12-09,66.59906005859375,0.0026880713817230006
2019-12-10,66.59410095214844,-7.446210863859548e-05
2019-12-11,66.66154479980469,0.0010127600897369415
2019-12-12,66.8718032836914,0.003154119583009374
2019-12-13,66.79147338867188,-0.0012012521133719645
2019-12-16,67.4773178100586,0.010268442760585028
2019-12-17,67.1891860961914,-0.004270052859514206
2019-12-18,67.04138946533203,-0.002199708605604811
2019-12-19,67.26604461669922,0.0033509918747038903
2019-12-20,67.00718688964844,-0.0038482674063240463
2019-12-23,66.97793579101562,-0.000436536735693549
2019-12-24,66.67046356201172,-0.00459064952319943
2019-12-26,67.56507873535156,0.013418463372580902
2019-12-27,67.17679595947266,-0.005746796764639073
2019-12-30,66.43640899658203,-0.011021468831846293
2019-12-31,66.42051696777344,-0.00023920661951204458
2020-01-02,67.87301635742188,0.021868233731953346
2020-01-03,67.5179672241211,-0.0052310793354325424
2020-01-06,69.3176040649414,0.0266541916886589
2020-01-07,69.1836929321289,-0.001931848837231076
2020-01-08,69.67611694335938,0.007117631198345409
2020-01-09,70.40757751464844,0.010498009983588519
2020-01-10,70.86231994628906,0.00645871435565315
2020-01-13,71.41128540039062,0.007746930308204059
2020-01-14,70.94315338134766,-0.006555434710609598
2020-01-15,71.3701171875,0.006018393400942346
2020-01-16,71.91363525390625,0.0076154851333416484
2020-01-17,73.3696060180664,0.020246101577531705
2020-01-21,73.5049819946289,0.0018451233952267998
2020-01-22,73.58531951904297,0.0010929534602148738
2020-01-23,73.62598419189453,0.0005526193691534065
2020-01-24,72.70757293701172,-0.012474009888806648
2020-01-27,70.99968719482422,-0.023489791684658257
2020-01-28,71.93048858642578,0.013109936513486797
2020-01-29,72.23794555664062,0.00427436232197187
2020-01-30,72.11646270751953,-0.0016817040986559784
2020-01-31,71.05176544189453,-0.01476358137451994
2020-02-03,73.5223388671875,0.034771457259754834
2020-02-04,71.67808532714844,-0.025084261034874933
2020-02-05,71.7098159790039,0.00044268274899716964
2020-02-06,73.19355773925781,0.020690915741414573
2020-02-07,73.3492660522461,0.0021273499717415767
2020-02-10,74.81465148925781,0.019978188138487063
2020-02-11,74.88408660888672,0.0009280952092503014
2020-02-12,75.30906677246094,0.0056751732286441925
2020-02-13,75.0492172241211,-0.0034504417525841324
2020-02-14,75.31403350830078,0.00352856823794534
2020-02-18,75.34923553466797,0.0004674032810008111
2020-02-19,75.61852264404297,0.0035738532377160848
2020-02-20,75.22774505615234,-0.005167749570169744
2020-02-21,73.56497955322266,-0.02210308845079101
2020-02-24,70.41104888916016,-0.04287271855734964
2020-02-25,68.74781036376953,-0.023621839919028442
2020-02-26,68.95359802246094,0.0029933703721254368
2020-02-27,65.20854949951172,-0.05431259035575353
2020-02-28,66.41358947753906,0.018479785047762265
2020-03-02,68.74781036376953,0.035146735850196675
2020-03-03,66.33772277832031,-0.035056935961983005
2020-03-04,68.51373291015625,0.032802002250024165
2020-03-05,65.19913482666016,-0.048378594227855176
2020-03-06,64.25593566894531,-0.014466436713040043
2020-03-09,60.29119873046875,-0.061702267614674344
2020-03-10,63.23585510253906,0.04884056767944478
2020-03-11,60.0486946105957,-0.05040116065126776
2020-03-12,55.12191390991211,-0.08204642469970125
2020-03-13,60.215816497802734,0.09241156967473563
2020-03-16,53.21022415161133,-0.11634139921439146
2020-03-17,55.44474411010742,0.041994184277993174
2020-03-18,54.112266540527344,-0.024032531684769265
2020-03-19,55.12786865234375,0.01876842676800039
2020-03-20,52.97268295288086,-0.039094304789003775
2020-03-23,52.274452209472656,-0.013180958646728858
2020-03-24,56.037349700927734,0.07198348968586998
2020-03-25,54.629486083984375,-0.025123665277839713
2020-03-26,57.66936111450195,0.055645316264631095
2020-03-27,55.05794906616211,-0.04528248619149622
2020-03-30,56.84566879272461,0.032469784234320676
2020-03-31,57.62125778198242,0.013643765756118142
2020-04-01,54.653289794921875,-0.05150821244288428
2020-04-02,55.39366912841797,0.013546839289533263
2020-04-03,54.18714904785156,-0.02178082982315821
2020-04-06,58.674560546875,0.08281320530557346
2020-04-07,58.643310546875,-0.0005325987908343377
2020-04-08,59.855289459228516,0.02066695930109108
2020-04-09,59.83396911621094,-0.0003561981440604045
2020-04-13,60.024391174316406,0.0031825075440947703
2020-04-14,62.74292755126953,0.045290528129777075
2020-04-15,62.34968566894531,-0.00626750930617459
2020-04-16,62.35612869262695,0.00010333690719543931
2020-04-17,63.4257926940918,0.017154111775244285
2020-04-20,62.54060363769531,-0.013956294731164443
2020-04-21,60.111183166503906,-0.038845491247019415
2020-04-22,62.404727935791016,0.038155042846755194
2020-04-23,63.03749465942383,0.01013972409724917
2020-04-24,63.3067741394043,0.004271735122649112
2020-04-27,63.02212142944336,-0.0044964020648741165
2020-04-28,61.124305725097656,-0.03011348493672039
2020-04-29,66.55889129638672,0.08891038526851713
2020-04-30,66.78303527832031,0.003367603900363614
2020-05-01,65.32608795166016,-0.021816129209885182
2020-05-04,65.602783203125,0.004235601122626331
2020-05-05,66.89808654785156,0.01974464011253807
2020-05-06,66.72005462646484,-0.0026612408601458526
2020-05-07,67.90278625488281,0.01772677847821824
2020-05-08,68.64962005615234,0.010998573732544425
2020-05-11,69.60421752929688,0.01390535697595574
2020-05-12,68.19536590576172,-0.020240894496689976
2020-05-13,66.8638687133789,-0.019524745922219866
2020-05-14,67.286865234375,0.006326234618719617
2020-05-15,68.0902328491211,0.011939441850170818
2020-05-18,68.6912612915039,0.008826940623255286
2020-05-19,68.15668487548828,-0.007782306016293039
2020-05-20,69.88043975830078,0.025291061118385194
2020-05-21,69.76093292236328,-0.0017101614750972827
2020-05-22,70.082763671875,0.0046133378100015054
2020-05-26,70.48593139648438,0.0057527372421697365
2020-05-27,70.43189239501953,-0.0007666636503796953
2020-05-28,70.33071899414062,-0.0014364714256358546
2020-05-29,71.08845520019531,0.010773901033456212
2020-06-01,71.15540313720703,0.0009417554063200217
2020-06-02,71.52434539794922,0.005185021017037439
2020-06-03,71.37260437011719,-0.0021215297670712507
2020-06-04,70.13531494140625,-0.017335635145030226
2020-06-05,71.41078186035156,0.018185801546779734
2020-06-08,71.80850982666016,0.005569578653912277
2020-06-09,72.00885009765625,0.0027899238054054365
2020-06-10,72.63468170166016,0.008691037326039375
2020-06-11,69.52041625976562,-0.04287573606622341
2020-06-12,70.06690216064453,0.007860797306462386
2020-06-15,70.4546890258789,0.005534522767187244
2020-06-16,71.73064422607422,0.018110294968822327
2020-06-17,72.03165435791016,0.004196395209936199
2020-06-18,71.11820983886719,-0.01268115423955496
2020-06-19,70.64808654785156,-0.006610448886168352
2020-06-22,71.93841552734375,0.018264174481473328
2020-06-23,72.59896087646484,0.009182094772020921
2020-06-24,71.04779052734375,-0.02136628858587364
2020-06-25,71.46434783935547,0.005863057934945903
2020-06-26,67.56854248046875,-0.0545139706255221
2020-06-29,69.28584289550781,0.025415679427086335
2020-06-30,70.3212890625,0.014944556113054341
2020-07-01,71.50897979736328,0.01688949037620291
2020-07-02,72.89403533935547,0.019368973601875616
2020-07-06,74.36785125732422,0.020218607888937035
2020-07-07,73.88533020019531,-0.0064883017186997405
2020-07-08,74.56373596191406,0.009181873585467848
2020-07-09,75.31055450439453,0.01001584125105981
2020-07-10,76.31971740722656,0.01340001955201564
2020-07-13,74.99170684814453,-0.017400622069864813
2020-07-14,75.41966247558594,0.005706706053617339
2020-07-15,75.2222900390625,-0.002616989125181046
2020-07-16,75.12509155273438,-0.0012921500565543642
2020-07-17,75.2208023071289,0.001274018472607663
2020-07-20,77.5510482788086,0.030978743914020113
2020-07-21,77.15827941894531,-0.005064649267553567
2020-07-22,77.60112762451172,0.005739477459857367
2020-07-23,75.2158432006836,-0.030737754680187024
2020-07-24,74.79234313964844,-0.0056304635169110995
2020-07-27,75.84464263916016,0.014069615355503995
2020-07-28,74.56620788574219,-0.01685596647215115
2020-07-29,75.55107116699219,0.013207903542032051
2020-07-30,76.2879867553711,0.009753873465937923
2020-07-31,73.78765106201172,-0.03277495972435451
2020-08-03,73.5302734375,-0.003488085347715164
2020-08-04,73.06114959716797,-0.006380009462779723
2020-08-05,73.3482894897461,0.003930131049967089
2020-08-06,74.63066864013672,0.017483422712535113
2020-08-07,74.30437469482422,-0.004372116065124221
2020-08-10,74.2275161743164,-0.001034374097399815
2020-08-11,73.4201889038086,-0.010876388058195019
2020-08-12,74.74423217773438,0.018033776454327466
2020-08-13,75.21089172363281,0.006243418820448543
2020-08-14,74.61481475830078,-0.00792540749978543
2020-08-17,75.19053649902344,0.007715917309284892
2020-08-18,77.1513442993164,0.02607785356496861
2020-08-19,76.59741973876953,-0.00717971365991843
2020-08-20,78.16645050048828,0.020484120314624432
2020-08-21,78.13273620605469,-0.00043131412796315605
2020-08-24,78.60780334472656,0.006080257287022661
2020-08-25,79.63432312011719,0.013058751570615978
2020-08-26,81.53263092041016,0.02383780919980505
2020-08-27,80.75853729248047,-0.00949428001023711
2020-08-28,81.29955291748047,0.006699175630690668
2020-08-31,80.8086166381836,-0.006038609828459718
2020-09-01,82.07564544677734,0.01567937753800197
2020-09-02,85.16561889648438,0.037647872677538
2020-09-03,80.80762481689453,-0.0511708144208618
2020-09-04,78.41241455078125,-0.029640894303485488
2020-09-08,75.5555419921875,-0.036433931730843305
2020-09-09,76.72734832763672,0.01550920428273006
2020-09-10,75.6770248413086,-0.013689036689279233
2020-09-11,75.16676330566406,-0.006742621511806601
2020-09-14,74.82308197021484,-0.004572251355983603
2020-09-15,76.1268081665039,0.017424117825139085
2020-09-16,74.98474884033203,-0.01500206502384771
2020-09-17,73.74250793457031,-0.016566580871089864
2020-09-18,71.95975494384766,-0.024175377820136568
2020-09-21,70.92083740234375,-0.014437480259828606
2020-09-22,72.39266204833984,0.020753063555161155
2020-09-23,69.89183807373047,-0.03454526886909426
2020-09-24,70.55982208251953,0.00955739650292764
2020-09-25,71.3631820678711,0.011385516029391862
2020-09-28,72.33514404296875,0.013619936036109781
2020-09-29,72.70014953613281,0.005046032575081849
2020-09-30,72.6792984008789,-0.00028681007380237933
2020-10-01,73.78515625,0.015215582338474087
2020-10-02,72.18340301513672,-0.0217083396752078
2020-10-05,73.53375244140625,0.018707200961228798
2020-10-06,71.95628356933594,-0.02145231026156713
2020-10-07,72.35894775390625,0.005595955830352439
2020-10-08,73.5634994506836,0.016646893496489845
2020-10-09,74.90342712402344,0.018214572217817304
2020-10-12,77.5882339477539,0.035843577881757405
2020-10-13,77.71121215820312,0.001585011079541232
2020-10-14,77.53120422363281,-0.0023163701809701953
2020-10-15,77.1359634399414,-0.0050978285149726466
2020-10-16,77.74246215820312,0.007862723056981658
2020-10-19,75.87042999267578,-0.02407991866424075
2020-10-20,76.91827392578125,0.0138109660536605
2020-10-21,78.64945983886719,0.022506822172795538
2020-10-22,79.67449951171875,0.013033016055693292
2020-10-23,80.97969055175781,0.016381540493355606
2020-10-26,78.56515502929688,-0.029816556546578776
2020-10-27,79.28866577148438,0.009209053834587477
2020-10-28,74.9207763671875,-0.055088446271569835
2020-10-29,77.20589447021484,0.0305004594697198
2020-10-30,80.14311981201172,0.038044055599019355
2020-11-02,80.55025482177734,0.005080099336295163
2020-11-03,81.60850524902344,0.013137766349560875
2020-11-04,86.57695007324219,0.06088145848349802
2020-11-05,87.40261840820312,0.009536814755687795
2020-11-06,87.26526641845703,-0.001571485983458798
2020-11-09,87.34906005859375,0.0009602175478948816
2020-11-10,86.17378234863281,-0.013454955430230897
2020-11-11,86.64537811279297,0.005472613030401918
2020-11-12,86.42668914794922,-0.002523954186674171
2020-11-13,87.88661193847656,0.016892036533161514
2020-11-16,87.97439575195312,0.0009988303285375366
2020-11-17,87.3609619140625,-0.006972867874196265
2020-11-18,86.31857299804688,-0.011931976173076397
2020-11-19,87.20772552490234,0.010300825140790781
2020-11-20,86.1073226928711,-0.012618180618837793
2020-11-23,85.66992950439453,-0.005079628245284851
2020-11-24,87.47203826904297,0.021035487890252114
2020-11-25,87.48344421386719,0.00013039532460812353
2020-11-27,88.61856842041016,0.012975303118701875
2020-11-30,87.00093841552734,-0.018253849432646074
2020-12-01,89.03215026855469,0.0233470108486189
2020-12-02,90.5005111694336,0.016492479362227863
2020-12-03,90.34529876708984,-0.001715044482490935
2020-12-04,90.44051361083984,0.001053899262599911
2020-12-07,90.10677337646484,-0.003690162970668931
2020-12-08,89.8240966796875,-0.003137130386373088
2020-12-09,88.16432189941406,-0.018478057020625438
2020-12-10,87.65799713134766,-0.005742966737089739
2020-12-11,88.0125732421875,0.0040449944379694625
2020-12-14,86.89481353759766,-0.012700000277392931
2020-12-15,87.33220672607422,0.005033593728667185
2020-12-16,87.13929748535156,-0.0022089129309160738
2020-12-17,86.31212615966797,-0.00949251772224402
2020-12-18,85.60348510742188,-0.00821021429752744
2020-12-21,86.01707458496094,0.004831456067706297
2020-12-22,85.30595397949219,-0.008267202865244627
2020-12-23,85.70316314697266,0.004656288910102946
2020-12-24,85.99723815917969,0.003431320401823701
2020-12-28,87.97090911865234,0.022950399358400597
2020-12-29,87.16756439208984,-0.009131936166295374
2020-12-30,86.10087585449219,-0.012237218569049024
2020-12-31,86.9136734008789,0.00944006130390962
2021-01-04,85.59902954101562,-0.015125857743920723
2021-01-05,86.28932189941406,0.008064254490965705
2021-01-06,85.43785095214844,-0.009867628213119706
2021-01-07,87.98977661132812,0.02986879504505513
2021-01-08,89.15463256835938,0.013238537497108238
2021-01-11,87.09465789794922,-0.02310563804781174
2021-01-12,86.15938568115234,-0.010738571565350852
2021-01-13,86.64636993408203,0.0056521323716474114
2021-01-14,85.83656311035156,-0.009346113684237989
2021-01-15,85.67290496826172,-0.001906625057662703
2021-01-19,88.49211883544922,0.032906715002040565
2021-01-20,93.23294067382812,0.05357337919769378
2021-01-21,93.43524932861328,0.002169926780416942
2021-01-22,93.8523178100586,0.00446371668553569
2021-01-25,93.93760681152344,0.0009087575400903436
2021-01-26,94.61550903320312,0.007216515777752619
2021-01-27,90.20148468017578,-0.04665222856306084
2021-01-28,91.90044403076172,0.018835159494434928
2021-01-29,90.61903381347656,-0.013943460565394306
2021-02-01,93.87760925292969,0.03595906182535935
2021-02-02,95.16943359375,0.013760729007699979
2021-02-03,102.10014343261719,0.07282495626119134
2021-02-04,101.83980560302734,-0.002549828245458463
2021-02-05,103.58535766601562,0.017140174734744384
2021-02-08,103.37163543701172,-0.002063247488057085
2021-02-09,102.91887664794922,-0.0043799131855506435
2021-02-10,103.46882629394531,0.005343525540774108
2021-02-11,103.5813980102539,0.0010879771264513671
2021-02-12,103.892822265625,0.003006565477521983
2021-02-16,104.66990661621094,0.007479673125051489
2021-02-17,105.06266784667969,0.0037523796778464735
2021-02-18,104.42741394042969,-0.006046428472357479
2021-02-19,103.58438110351562,-0.008072907343994684
2021-02-22,101.87103271484375,-0.016540605547082032
2021-02-23,102.16162872314453,0.002852587242481608
2021-02-24,103.33641815185547,0.011499321647412186
2021-02-25,99.97124481201172,-0.03256522143914975
2021-02-26,100.26678466796875,0.0029562486344225647
2021-03-01,102.63471984863281,0.023616347013673877
2021-03-02,102.37784576416016,-0.002502799100065678
2021-03-03,99.74610900878906,-0.02570611576877302
2021-03-04,100.86286926269531,0.011196028246152956
2021-03-05,103.99398040771484,0.031043248798173773
2021-03-08,99.55220031738281,-0.042711896139735805
2021-03-09,101.1817398071289,0.016368693856599448
2021-03-10,100.97494506835938,-0.002043795048036534
2021-03-11,104.16606140136719,0.031603050943453725
2021-03-12,101.6597900390625,-0.024060344881886797
2021-03-15,101.87997436523438,0.0021658939693587342
2021-03-16,103.34040069580078,0.014334773243374066
2021-03-17,103.25758361816406,-0.0008014007791637967
2021-03-18,100.23854064941406,-0.029237978102549023
2021-03-19,100.51721954345703,0.0027801571355439147
2021-03-22,100.70220184326172,0.0018403045830839293
2021-03-23,101.2298355102539,0.0052395444919211
2021-03-24,100.79344940185547,-0.004310844784038315
2021-03-25,100.78997039794922,-3.451617071248414e-05
2021-03-26,100.40663146972656,-0.0038033439905689193
2021-03-29,101.45100402832031,0.0104014300978581
2021-03-30,101.48473358154297,0.00033247135940861483
2021-03-31,102.28065490722656,0.007842769031305208
2021-04-01,105.6160888671875,0.03261060425342732
2021-04-05,110.03853607177734,0.04187285528203066
2021-04-06,109.55750274658203,-0.0043714987709536635
2021-04-07,111.0338134765625,0.013475213408207454
2021-04-08,111.59913635253906,0.0050914478956980425
2021-04-09,112.60283660888672,0.008993799496592736
2021-04-12,111.31101989746094,-0.01147232832075773
2021-04-13,111.79749298095703,0.004370394628889773
2021-04-14,111.17662811279297,-0.005553477556691
2021-04-15,113.32585906982422,0.01933167963009974
2021-04-16,113.20188903808594,-0.001093925364924031
2021-04-19,113.54951477050781,0.0030708474511844663
2021-04-20,113.01641082763672,-0.004694902870774342
2021-04-21,112.98369598388672,-0.00028946985230215994
2021-04-22,111.70277404785156,-0.011337228127302867
2021-04-23,114.05384063720703,0.021047521956333082
2021-04-26,114.54974365234375,0.004347972960543567
2021-04-27,113.61001586914062,-0.008203665527660942
2021-04-28,116.9851303100586,0.02970789516309491
2021-04-29,118.65729522705078,0.014293824459230553
2021-04-30,116.71039581298828,-0.016407751502653944
2021-05-03,116.19366455078125,-0.0044274655964239296
2021-05-04,114.39602661132812,-0.015471049530996428
2021-05-05,114.78975677490234,0.0034418167766609997
2021-05-06,115.90950775146484,0.009754798755766014
2021-05-07,116.63253021240234,0.006237818406474638
2021-05-10,113.64820098876953,-0.025587451615754042
2021-05-11,112.57257843017578,-0.009464492611722441
2021-05-12,109.11070251464844,-0.030752390713646216
2021-05-13,110.53840637207031,0.01308491123710076
2021-05-14,112.98516845703125,0.022134949880905364
2021-05-17,113.50785827636719,0.004626180820668679
2021-05-18,112.19619750976562,-0.011555682456874106
2021-05-19,112.64400482177734,0.003991287779362862
2021-05-20,114.40196990966797,0.015606379502149492
2021-05-21,113.76622009277344,-0.005557157952756575
2021-05-24,117.08430480957031,0.029165816655339905
2021-05-25,117.175048828125,0.0007750314502210642
2021-05-26,118.03990936279297,0.007380927452708574
2021-05-27,117.16563415527344,-0.0074066069030302994
2021-05-28,116.87650299072266,-0.0024677130511461254
2021-06-01,118.08304595947266,0.01032322954465692
2021-06-02,117.55787658691406,-0.004447457874171334
2021-06-03,116.41681671142578,-0.00970636684343873
2021-06-04,118.69745635986328,0.01959029384982025
2021-06-07,119.13038635253906,0.0036473401027503627
2021-06-08,118.93897247314453,-0.0016067594948284691
2021-06-09,119.41007995605469,0.003960917713632828
2021-06-10,120.75843048095703,0.011291764693554862
2021-06-11,120.51396179199219,-0.0020244440739348724
2021-06-14,121.44178771972656,0.007698908192361964
2021-06-15,120.4241943359375,-0.008379268807682139
2021-06-16,119.7824935913086,-0.005328669609686587
2021-06-17,120.74553680419922,0.008039932915209436
2021-06-18,119.12641906738281,-0.013409338180689567
2021-06-21,120.81396484375,0.014166007755279209
2021-06-22,121.32772827148438,0.004252516903975767
2021-06-23,121.12589263916016,-0.0016635573351591049
2021-06-24,121.4958267211914,0.0030541288404231093
2021-06-25,121.50426483154297,6.945185344453542e-05
2021-06-28,121.53155517578125,0.00022460400279866732
2021-06-29,121.27019500732422,-0.002150553969946345
2021-06-30,121.08869934082031,-0.0014966222037735566
2021-07-01,121.4407958984375,0.002907757367400343
2021-07-02,124.23074340820312,0.022973725502416054
2021-07-06,125.15559387207031,0.007444618284447202
2021-07-07,125.43727111816406,0.0022506165116491506
2021-07-08,124.01898193359375,-0.011306760518046133
2021-07-09,124.48959350585938,0.003794673725975306
2021-07-12,125.93465423583984,0.011607883753853354
2021-07-13,126.29765319824219,0.002882439028438988
2021-07-14,127.18579864501953,0.007032161123241787
2021-07-15,125.96390533447266,-0.009607152084307957
2021-07-16,125.92919158935547,-0.0002755848592103094
2021-07-19,123.55680084228516,-0.018839085021735702
2021-07-20,125.17493438720703,0.013096272596013092
2021-07-21,126.50346374511719,0.010613381699890345
2021-07-22,127.36878967285156,0.006840333870050008
2021-07-23,131.9246368408203,0.035768944493156374
2021-07-26,132.93629455566406,0.007668451769660134
2021-07-27,130.8187713623047,-0.015928856753809284
2021-07-28,134.97842407226562,0.03179706296461626
2021-07-29,134.66448974609375,-0.0023258111681893068
2021-07-30,133.62210083007812,-0.007740636881935381
2021-08-02,133.74908447265625,0.0009503191596995642
2021-08-03,134.51821899414062,0.005750577841462601
2021-08-04,134.01783752441406,-0.0037198044507885664
2021-08-05,135.1345977783203,0.008332922501475215
2021-08-06,134.62579345703125,-0.003765166949501131
2021-08-09,135.79071044921875,0.008653000010427458
2021-08-10,135.68557739257812,-0.0007742286367957707
2021-08-11,135.1619110107422,-0.0038594107929453836
2021-08-12,136.06939697265625,0.0067140657832363
2021-08-13,136.5985107421875,0.0038885582012064823
2021-08-16,137.1757354736328,0.0042257029619798825
2021-08-17,135.541259765625,-0.0119151955144573
2021-08-18,134.33868408203125,-0.008872395650396214
2021-08-19,134.5677947998047,0.0017054709098798249
2021-08-20,136.30296325683594,0.012894381301355562
2021-08-23,138.8935546875,0.01900612700387594
2021-08-24,140.10354614257812,0.008711645819710734
2021-08-25,140.9143524169922,0.005787193092092968
2021-08-26,140.28109741210938,-0.004493899975560267
2021-08-27,142.8235626220703,0.01812407556587492
2021-08-30,143.40525817871094,0.004072826261727336
2021-08-31,143.51136779785156,0.0007399283714435434
2021-09-01,144.02513122558594,0.003579949349086009
2021-09-02,142.11245727539062,-0.01328014030551028
2021-09-03,142.5612335205078,0.0031578951889315032
2021-09-07,143.09779357910156,0.0037637164420056823
2021-09-08,142.5131378173828,-0.004085707732422561
2021-09-09,142.36436462402344,-0.0010439261645478481
2021-09-10,139.72122192382812,-0.018566041489214702
2021-09-13,141.16578674316406,0.010338907715275125
2021-09-14,141.37600708007812,0.0014891734163358095
2021-09-15,143.24557495117188,0.013224081721552539
2021-09-16,142.43280029296875,-0.005673994875445065
2021-09-17,139.6458282470703,-0.019566925877788965
2021-09-20,137.58236694335938,-0.014776390599081313
2021-09-21,137.89332580566406,0.0022601650866547196
2021-09-22,139.133544921875,0.008994047456356347
2021-09-23,140.0584259033203,0.006647433456573371
2021-09-24,141.0492401123047,0.007074292050578412
2021-09-27,139.9155731201172,-0.008037384613237664
2021-09-28,134.71658325195312,-0.037158050045656754
2021-09-29,133.2521514892578,-0.010870463957332266
2021-09-30,132.58023071289062,-0.0050424760040092
2021-10-01,135.42372131347656,0.021447319749681615
2021-10-04,132.5638427734375,-0.02111800290452115
2021-10-05,134.90798950195312,0.017683153109268046
2021-10-06,136.43734741210938,0.01133630347470338
2021-10-07,138.08375549316406,0.012067136398377087
2021-10-08,138.6396484375,0.004025766407862896
2021-10-11,137.77528381347656,-0.006234613501729269
2021-10-12,135.33050537109375,-0.01774468086520231
2021-10-13,136.4542236328125,0.00830351042166999
2021-10-14,139.9939422607422,0.02594070402287274
2021-10-15,140.20916748046875,0.0015373895202244192
2021-10-18,141.60760498046875,0.009973937689878865
2021-10-19,142.06285095214844,0.003214841263239121
2021-10-20,140.6068878173828,-0.010248725300156303
2021-10-21,140.72291564941406,0.0008251930885629921
2021-10-22,136.4388427734375,-0.030443320877813318
2021-10-25,136.32034301757812,-0.0008685192094171068
2021-10-26,138.1665496826172,0.013543148617231715
2021-10-27,145.0189208984375,0.04959500857161814
2021-10-28,144.65342712402344,-0.0025203178464555664
2021-10-29,146.83242797851562,0.015063596472027818
2021-11-01,142.32070922851562,-0.030726991388170366
2021-11-02,144.2403564453125,0.013488179107614018
2021-11-03,145.39630126953125,0.008014018078615903
2021-11-04,147.0521240234375,0.011388341652768252
2021-11-05,147.6318359375,0.00394222060995264
2021-11-08,147.80935668945312,0.001202455763188448
2021-11-09,147.69778442382812,-0.0007548389907373609
2021-11-10,144.69757080078125,-0.020313193151479947
2021-11-11,144.57162475585938,-0.0008704088411772837
2021-11-12,147.45924377441406,0.019973622233484978
2021-11-15,147.23509216308594,-0.001520091962976755
2021-11-16,146.66383361816406,-0.0038799075446572795
2021-11-17,146.83340454101562,0.001156187716278012
2021-11-18,148.6102294921875,0.012100958611741097
2021-11-19,147.70570373535156,-0.006086564565082608
2021-11-22,145.1027069091797,-0.017622859242021782
2021-11-23,144.58697509765625,-0.0035542535525973085
2021-11-24,144.92221069335938,0.0023185739619817625
2021-11-26,141.01747131347656,-0.0269436917999053
2021-11-29,144.33753967285156,0.023543666812707364
2021-11-30,140.7343292236328,-0.024963779051420776
2021-12-01,139.895263671875,-0.005962053156373104
2021-12-02,141.7940673828125,0.013573037864892612
2021-12-03,140.83749389648438,-0.006746216565927221
2021-12-06,141.98153686523438,0.0081231420490262
2021-12-07,146.0623016357422,0.02874151710571482
2021-12-08,146.97177124023438,0.006226586835255121
2021-12-09,146.4282684326172,-0.0036980081483048988
2021-12-10,146.78831481933594,0.0024588584606832775
2021-12-13,144.63113403320312,-0.01469586178428317
2021-12-14,142.7273406982422,-0.01316309484598166
2021-12-15,145.24057006835938,0.017608605035462244
2021-12-16,143.26097106933594,-0.013629793645754118
2021-12-17,140.563232421875,-0.0188309392804219
2021-12-20,140.4462127685547,-0.000832505423389085
2021-12-21,142.29641723632812,0.013173758347065245
2021-12-22,145.2147979736328,0.02050916526210078
2021-12-23,145.71218872070312,0.003425207031315214
2021-12-27,146.694091796875,0.006738647499516803
2021-12-28,145.4845733642578,-0.008245174824709323
2021-12-29,145.45281982421875,-0.00021826052965467913
2021-12-30,145.00204467773438,-0.0030991158990877343
2021-12-31,143.66461181640625,-0.00922354484242316
2022-01-03,143.802978515625,0.0009631230507591848
2022-01-04,143.21583557128906,-0.004082967893965672
2022-01-05,136.6456298828125,-0.04587625147923036
2022-01-06,136.61834716796875,-0.00019966035406437932
2022-01-07,135.8938446044922,-0.005303113223773748
2022-01-10,137.53277587890625,0.012060379034709356
2022-01-11,138.59056091308594,0.007691148727420716
2022-01-12,140.27113342285156,0.012126168612735189
2022-01-13,137.45095825195312,-0.020105171335551564
2022-01-14,138.33714294433594,0.006447279114332627
2022-01-18,134.88319396972656,-0.02496761824840621
2022-01-19,134.00892639160156,-0.006481664263683018
2022-01-20,132.2147216796875,-0.013388695516230231
2022-01-21,129.28297424316406,-0.022174137639725866
2022-01-24,129.7317657470703,0.003471389071403319
2022-01-25,125.89447784423828,-0.029578630035093645
2022-01-26,128.17364501953125,0.01810378989071193
2022-01-27,127.947509765625,-0.001764288234697431
2022-01-28,132.25787353515625,0.03368853194116084
2022-01-31,134.19439697265625,0.014642027621782683
2022-02-01,136.51568603515625,0.01729795814778301
2022-02-02,146.7868194580078,0.075237752679985
2022-02-03,141.9170684814453,-0.033175669277006326
2022-02-04,142.11839294433594,0.0014186064089742878
2022-02-07,138.0599365234375,-0.028556869640990357
2022-02-08,138.25631713867188,0.0014224301428751307
2022-02-09,140.43130493164062,0.015731561768618674
2022-02-10,137.4837188720703,-0.020989522678046324
2022-02-11,133.1817626953125,-0.031290659083500816
2022-02-14,134.41506958007812,0.009260328590087408
2022-02-15,135.4887237548828,0.007987602715669118
2022-02-16,136.60891723632812,0.008267798606413024
2022-02-17,131.4525604248047,-0.0377453896556631
2022-02-18,129.3340606689453,-0.016116078294809877
2022-02-22,128.74940490722656,-0.004520508817977054
2022-02-23,126.54212188720703,-0.017144025027611143
2022-02-24,131.60330200195312,0.03999601112471751
2022-02-25,133.35731506347656,0.013328032312573734
2022-02-28,133.94989013671875,0.004443513825695522
2022-03-01,132.9625701904297,-0.007370815648160223
2022-03-02,133.4683837890625,0.003804180363754961
2022-03-03,132.8018798828125,-0.004993721264380913
2022-03-04,130.8252410888672,-0.014884117571901445
2022-03-07,125.34254455566406,-0.04190855287229189
2022-03-08,126.0625991821289,0.005744694501116365
2022-03-09,132.3262939453125,0.049687177670628024
2022-03-10,131.34396362304688,-0.00742354594070016
2022-03-11,128.805908203125,-0.019323730987790277
2022-03-14,124.9185562133789,-0.030179919880816364
2022-03-15,128.13894653320312,0.02577991947267888
2022-03-16,132.18795776367188,0.03159859933310427
2022-03-17,132.74188232421875,0.0041904313366969426
2022-03-18,135.00965881347656,0.017084106760809847
2022-03-21,134.98582458496094,-0.00017653721018995316
2022-03-22,138.72146606445312,0.027674324255736682
2022-03-23,137.1420135498047,-0.01138578303313631
2022-03-24,140.41151428222656,0.023840256153410788
2022-03-25,140.5116729736328,0.0007133224929469772
2022-03-28,140.2959747314453,-0.0015350912676698192
2022-03-29,141.3373565673828,0.007422749212377067
2022-03-30,140.77499389648438,-0.003978867898454919
2022-03-31,137.92752075195312,-0.02022712319650377
2022-04-01,139.0016632080078,0.007787731195331382
2022-04-04,141.7995147705078,0.020128187662856734
2022-04-05,139.4385528564453,-0.016649999951576344
2022-04-06,135.42868041992188,-0.02875727232088876
2022-04-07,134.7745819091797,-0.0048298374370483454
2022-04-08,132.19491577148438,-0.01914059833206283
2022-04-11,127.76749420166016,-0.03349161761619923
2022-04-12,126.66758728027344,-0.008608660037197735
2022-04-13,128.8292236328125,0.017065426120070226
2022-04-14,125.69116973876953,-0.024358245788913657
2022-04-18,126.62989807128906,0.007468530482058089
2022-04-19,128.9432830810547,0.018268868924329773
2022-04-20,126.99041748046875,-0.01514515183670595
2022-04-21,123.79136657714844,-0.025191277946718493
2022-04-22,118.65482330322266,-0.04149355012350253
2022-04-25,122.06512451171875,0.02874136182210707
2022-04-26,117.6773910522461,-0.035945840198208456
2022-04-27,113.35760498046875,-0.036708717223850273
2022-04-28,117.55094909667969,0.03699217284039702
2022-04-29,113.17411804199219,-0.037233481212370134
2022-05-02,115.62733459472656,0.021676480410690147
2022-05-03,116.37220001220703,0.006441949216344112
2022-05-04,121.25879669189453,0.04199109992914907
2022-05-05,115.55047607421875,-0.04707551759877682
2022-05-06,114.79769897460938,-0.006514703575309033
2022-05-09,111.58870697021484,-0.02795345231705637
2022-05-10,113.457275390625,0.01674513910183495
2022-05-11,112.67127990722656,-0.006927678112243707
2022-05-12,111.91899871826172,-0.006676778586204635
2022-05-13,115.09920501708984,0.028415249736407855
2022-05-16,113.50686645507812,-0.013834487925223238
2022-05-17,115.51824951171875,0.01772036458637194
2022-05-18,110.98222351074219,-0.039266748069242574
2022-05-19,109.4791488647461,-0.013543381980003377
2022-05-20,108.01525115966797,-0.013371475027511126
2022-05-23,110.57410430908203,0.02368973938348362
2022-05-24,105.1013412475586,-0.04949407545030349
2022-05-25,104.93768310546875,-0.0015571460853611718
2022-05-26,106.90889739990234,0.0187846180332798
2022-05-27,111.39580535888672,0.04196945313354683
2022-05-31,112.8294677734375,0.012869985633048975
2022-06-01,112.95840454101562,0.00114275791708085
2022-06-02,116.65831756591797,0.0327546501735414
2022-06-03,113.6020736694336,-0.026198251099905034
2022-06-06,115.86290740966797,0.01990134217807582
2022-06-07,116.18920135498047,0.0028162071245010356
2022-06-08,116.23334503173828,0.0003799292554129696
2022-06-09,113.8941650390625,-0.020124861691256046
2022-06-10,110.25028228759766,-0.03199358588927792
2022-06-13,105.52037048339844,-0.042901584522575864
2022-06-14,105.84073638916016,0.0030360574389010075
2022-06-15,108.86473083496094,0.028571177308158724
2022-06-16,105.16431427001953,-0.03399095865630941
2022-06-17,106.26522064208984,0.010468440551455682
2022-06-21,110.62964630126953,0.04107106382321879
2022-06-22,110.57361602783203,-0.0005064670756057543
2022-06-23,111.3219223022461,0.006767493922109846
2022-06-24,117.00791931152344,0.051077064532172756
2022-06-27,114.88398742675781,-0.018152035326009397
2022-06-28,111.08934020996094,-0.03303025340425347
2022-06-29,110.78585815429688,-0.002731873779162619
2022-06-30,108.0698013305664,-0.024516277338825
2022-07-01,107.84614562988281,-0.002069548550380551
2022-07-05,112.33454895019531,0.0416185788940131
2022-07-06,113.63282775878906,0.011557253051057037
2022-07-07,117.80931091308594,0.03675419539116276
2022-07-08,118.37512969970703,0.0048028358899283585
2022-07-11,114.72827911376953,-0.0308075741516719
2022-07-12,113.08584594726562,-0.014315852893384662
2022-07-13,110.4406967163086,-0.02339063044362355
2022-07-14,109.46279907226562,-0.008854504481757397
2022-07-15,110.86124420166016,0.01277552868414511
2022-07-18,108.1362533569336,-0.024580193595606037
2022-07-19,112.8770751953125,0.043841188234352124
2022-07-20,112.9663314819336,0.0007907388321910513
2022-07-21,113.4027328491211,0.003863110021035787
2022-07-22,107.01551818847656,-0.05632328692768385
2022-07-25,106.62870788574219,-0.0036145253443815584
2022-07-26,104.15911102294922,-0.023160712642595893
2022-07-27,112.13320922851562,0.0765568957650713
2022-07-28,113.28372192382812,0.010260231587306823
2022-07-29,115.36649322509766,0.018385442020257603
2022-08-01,113.91846466064453,-0.012551552222600737
2022-08-02,114.1862564086914,0.0023507317171505004
2022-08-03,117.11207580566406,0.025623218494007505
2022-08-04,117.2211685180664,0.000931524026466457
2022-08-05,116.50706481933594,-0.0060919346544511255
2022-08-08,116.33847045898438,-0.0014470741376327867
2022-08-09,115.6739501953125,-0.005711956337831947
2022-08-10,118.71878814697266,0.0263225898875159
2022-08-11,117.86582946777344,-0.007184698332190376
2022-08-12,120.68254852294922,0.023897673039716016
2022-08-15,121.07928466796875,0.0032874359207295534
2022-08-16,120.702392578125,-0.0031127710316202206
2022-08-17,118.57003021240234,-0.017666280843128046
2022-08-18,119.18492889404297,0.005185953655735043
2022-08-19,116.24919128417969,-0.024631785554641628
2022-08-22,113.30355834960938,-0.025338954207169473
2022-08-23,112.92667388916016,-0.0033263250151976953
2022-08-24,112.758056640625,-0.0014931569551110968
2022-08-25,115.69379425048828,0.02603572371967955
2022-08-26,109.43550872802734,-0.05409352820524793
2022-08-29,108.52306365966797,-0.008337742282781502
2022-08-30,108.0469970703125,-0.0043867780110634635
2022-08-31,107.33290100097656,-0.006609124628158214
2022-09-01,108.84042358398438,0.014045298030229247
2022-09-02,106.96593475341797,-0.017222358833618445
2022-09-06,105.9344482421875,-0.009643130905257702
2022-09-07,108.55280303955078,0.024716745504514304
2022-09-08,107.4915771484375,-0.009776126100830673
2022-09-09,109.74297332763672,0.020944861345649546
2022-09-12,109.95126342773438,0.0018979811989949802
2022-09-13,103.46487426757812,-0.05899331174506639
2022-09-14,104.1392822265625,0.006518231078503467
2022-09-15,102.06643676757812,-0.019904549125610016
2022-09-16,101.95732116699219,-0.0010690644646919045
2022-09-19,102.22511291503906,0.0026265082779908244
2022-09-20,100.31092071533203,-0.018725263735320574
2022-09-21,98.4661865234375,-0.01839016309230801
2022-09-22,99.31912994384766,0.008662297693504462
2022-09-23,97.93058776855469,-0.013980611550645006
2022-09-26,97.36528778076172,-0.005772455783978114
2022-09-27,96.70077514648438,-0.00682494397565625
2022-09-28,99.22986602783203,0.026153780851462027
2022-09-29,96.62142944335938,-0.02628680949484541
2022-09-30,94.8659439086914,-0.018168697614818985
2022-10-03,97.83142852783203,0.031259738710816
2022-10-04,100.80682373046875,0.03041349030071916
2022-10-05,100.59855651855469,-0.0020660031157306857
2022-10-06,100.58863830566406,-9.859200006312463e-05
2022-10-07,97.87109375,-0.02701641657983389
2022-10-10,97.05782318115234,-0.00830960948413495
2022-10-11,96.38339233398438,-0.006948753073816483
2022-10-12,96.76028442382812,0.003910342650503162
2022-10-13,98.24798583984375,0.015375124462214451
2022-10-14,95.76847076416016,-0.02523731203737356
2022-10-17,99.1505355834961,0.03531501330604536
2022-10-18,99.94395446777344,0.008002164381746502
2022-10-19,98.81330871582031,-0.01131279783728889
2022-10-20,99.1505355834961,0.003412767693526275
2022-10-21,100.3010025024414,0.011603234538017038
2022-10-24,101.67961883544922,0.013744791164717052
2022-10-25,103.6235580444336,0.019118277893333868
2022-10-26,94.1518325805664,-0.09140513646332937
2022-10-27,91.46405029296875,-0.028547317815590056
2022-10-28,95.50069427490234,0.04413366747923164
2022-10-31,93.73526763916016,-0.018486008391314313
2022-11-01,89.72840118408203,-0.04274662628054593
2022-11-02,86.25708770751953,-0.03868689769074274
2022-11-03,82.74610900878906,-0.04070365452906888
2022-11-04,85.87028503417969,0.03775616839045304
2022-11-07,87.7646255493164,0.022060489427544017
2022-11-08,88.1712646484375,0.004633291563382658
2022-11-09,86.60420989990234,-0.017772850993840517
2022-11-10,93.16995239257812,0.07581320238663336
2022-11-11,95.61970520019531,0.026293378333982487
2022-11-14,94.91551208496094,-0.007364518785746399
2022-11-15,97.63306427001953,0.02863127559830314
2022-11-16,98.03970336914062,0.004164973230753821
2022-11-17,97.55371856689453,-0.0049570203248805456
2022-11-18,96.63134002685547,-0.009455083348837934
2022-11-21,94.81633758544922,-0.018782751443805146
2022-11-22,96.25445556640625,0.015167406984698095
2022-11-23,97.65290069580078,0.014528627492259139
2022-11-25,96.66110229492188,-0.010156363956545067
2022-11-28,95.26266479492188,-0.014467427608400696
2022-11-29,94.40971374511719,-0.008953676150471823
2022-11-30,100.16215515136719,0.06093060955337881
2022-12-01,100.16215515136719,0.0
2022-12-02,99.61666870117188,-0.0054460334781231134
2022-12-05,98.66455078125,-0.009557817304431393
2022-12-06,96.18502807617188,-0.025130836611981344
2022-12-07,94.16175079345703,-0.021035262173158098
2022-12-08,92.94183349609375,-0.012955550285371764
2022-12-09,92.06904602050781,-0.009390684934385551
2022-12-12,92.54509735107422,0.005170590455128243
2022-12-13,94.8460922241211,0.024863498325772282
2022-12-14,94.29069519042969,-0.005855771394134068
2022-12-15,90.11519622802734,-0.0442832556698145
2022-12-16,89.5201187133789,-0.0066035201559419
2022-12-19,87.71503448486328,-0.020164006197255557
2022-12-20,88.29027557373047,0.006558067180221672
2022-12-21,88.84569549560547,0.0062908391469587155
2022-12-22,87.0406265258789,-0.02031689841198714
2022-12-23,88.49857330322266,0.016750187073966805
2022-12-27,86.67363739013672,-0.020621077210286276
2022-12-28,85.31487274169922,-0.015676792729044098
2022-12-29,87.72494506835938,0.028249146358770627
2022-12-30,87.50675201416016,-0.002487240704786897
2023-01-03,88.38945770263672,0.010087286616851321
2023-01-04,87.35797882080078,-0.011669704834100014
2023-01-05,85.49339294433594,-0.021344196622150702
2023-01-06,86.62405395507812,0.013225127367191503
2023-01-09,87.29847717285156,0.007785634439634759
2023-01-10,87.69519805908203,0.004544419319536974
2023-01-11,90.76979064941406,0.03505998798543808
2023-01-12,90.38298797607422,-0.004261359099458684
2023-01-13,91.3648681640625,0.010863550873624561
2023-01-17,90.54167175292969,-0.009009988496394561
2023-01-18,90.3730697631836,-0.0018621479643778915
2023-01-19,92.2872543334961,0.021180917892116513
2023-01-20,97.21649932861328,0.0534119801343802
2023-01-23,98.97200012207031,0.018057642535790563
2023-01-24,96.89913177490234,-0.020943987639042705
2023-01-25,94.43946075439453,-0.025383829302223826
2023-01-26,96.72061157226562,0.024154636204495095
2023-01-27,98.55545043945312,0.018970505224903178
2023-01-30,96.14535522460938,-0.024454205263100826
2023-01-31,98.02977752685547,0.019599722709888745
2023-02-01,99.60674285888672,0.016086595030772477
2023-02-02,106.8568344116211,0.0727871562169804
2023-02-03,103.92108154296875,-0.027473702405815148
2023-02-06,102.05651092529297,-0.017942178718615698
2023-02-07,106.75764465332031,0.046064025561961985
2023-02-08,98.55545043945312,-0.07683004098210111
2023-02-09,94.23119354248047,-0.04387638509784131
2023-02-10,93.7947769165039,-0.004631339257947786
2023-02-13,93.83445739746094,0.0004230564031550976
2023-02-14,93.90389251708984,0.0007399746484897385
2023-02-15,96.14535522460938,0.0238697528657994
2023-02-16,94.72708892822266,-0.014751272103300739
2023-02-17,93.57658386230469,-0.0121454705188897
2023-02-21,91.03756713867188,-0.02713303498414632
2023-02-22,90.89871215820312,-0.001525249244163529
2023-02-23,90.14495849609375,-0.00829223697688386
2023-02-24,88.39938354492188,-0.01936408846699411
2023-02-27,89.13330841064453,0.008302375381947114
2023-02-28,89.3217544555664,0.0021142045356792316
2023-03-01,89.61929321289062,0.003331089488084693
2023-03-02,91.245849609375,0.018149623124347647
2023-03-03,92.88233184814453,0.01793486767645147
2023-03-06,94.3501968383789,0.015803489867526332
2023-03-07,93.0905990600586,-0.013350240068687902
2023-03-08,93.4774169921875,0.004155284594090425
2023-03-09,91.56321716308594,-0.020477671406576636
2023-03-10,89.88707733154297,-0.018305820650202254
2023-03-13,90.36315155029297,0.005296358863622119
2023-03-14,93.19970703125,0.03139062142358218
2023-03-15,95.3221664428711,0.02277324123893898
2023-03-16,99.49765014648438,0.043803911088359015
2023-03-17,100.7869873046875,0.01295846842920323
2023-03-20,100.3902816772461,-0.003936079825881955
2023-03-21,104.0599365234375,0.03655388534509063
2023-03-22,102.52265167236328,-0.014773071197559107
2023-03-23,104.73436737060547,0.02157294668216614
2023-03-24,104.57569122314453,-0.0015150341902525621
2023-03-27,101.62010192871094,-0.028262679977194005
2023-03-28,100.20182800292969,-0.013956627663847532
2023-03-29,100.55888366699219,0.0035633647726671658
2023-03-30,100.06298065185547,-0.004931468976713593
2023-03-31,102.87969970703125,0.028149461837198908
2023-04-03,103.5045394897461,0.006073499286002759
2023-04-04,103.86157989501953,0.0034495144564050673
2023-04-05,103.61363983154297,-0.0023872163674688585
2023-04-06,107.53125762939453,0.037809865614420124
2023-04-10,105.5674819946289,-0.01826237019875432
2023-04-11,104.48641967773438,-0.010240485957120127
2023-04-12,103.7822265625,-0.006739565939825498
2023-04-13,106.54936218261719,0.026662904735915927
2023-04-14,107.97756958007812,0.013404185329735752
2023-04-17,105.1013412475586,-0.026637276090813122
2023-04-18,103.64338684082031,-0.013871891542317938
2023-04-19,103.32601165771484,-0.0030621846002861774
2023-04-20,104.42691802978516,0.010654687570030852
2023-04-21,104.54593658447266,0.0011397306071367908
2023-04-24,105.1013412475586,0.005312541847450669
2023-04-25,102.99871063232422,-0.02000574483899098
2023-04-26,102.85987091064453,-0.001347975337043783
2023-04-27,106.70805358886719,0.03741189488333707
2023-04-28,106.4601058959961,-0.0023236080551746197
2023-05-01,106.3212661743164,-0.0013041478825441821
2023-05-02,104.4566650390625,-0.017537424095353082
2023-05-03,104.54593658447266,0.0008546275661469593
2023-05-04,103.83184051513672,-0.00683045264756843
2023-05-05,104.70462036132812,0.008405705242836126
2023-05-08,106.88658142089844,0.02083920510900583
2023-05-09,106.47002410888672,-0.0038971899603692517
2023-05-10,110.8339614868164,0.0409874743098273
2023-05-11,115.61444854736328,0.043131969627518085
2023-05-12,116.54674530029297,0.00806384292485518
2023-05-15,115.554931640625,-0.008510007354666782
2023-05-16,118.53034973144531,0.025748949426700696
2023-05-17,119.84943389892578,0.01112866173489846
2023-05-18,121.8231430053711,0.016468238874701946
2023-05-19,121.75370788574219,-0.0005699665754465011
2023-05-22,124.02494049072266,0.018654319810217812
2023-05-23,121.55534362792969,-0.019912098752248197
2023-05-24,119.90895080566406,-0.013544388696765886
2023-05-25,122.46780395507812,0.02133996780241354
2023-05-26,123.58853912353516,0.009151263697584788
2023-05-30,122.65625,-0.007543491735938934
2023-05-31,121.8628158569336,-0.006468762440286602
2023-06-01,122.7058334350586,0.006917758893038473
2023-06-02,123.6480484008789,0.00767864851607869
2023-06-05,124.97706604003906,0.010748391554481707
2023-06-06,126.26640319824219,0.010316590067733333
2023-06-07,121.4958267211914,-0.037781835517725404
2023-06-08,121.13877868652344,-0.0029387678927221828
2023-06-09,121.22805786132812,0.0007369991325050229
2023-06-12,122.62649536132812,0.011535592705771647
2023-06-13,122.81493377685547,0.0015366859745284955
2023-06-14,122.65625,-0.001292056038916134
2023-06-15,124.06460571289062,0.011482135748407618
2023-06-16,122.51739501953125,-0.012471008024157348
2023-06-20,122.0909194946289,-0.003480938562514746
2023-06-21,119.56182861328125,-0.020714815580194834
2023-06-22,122.1405029296875,0.02156770556551857
2023-06-23,121.33715057373047,-0.006577280563675902
2023-06-26,117.36993408203125,-0.03269581058184268
2023-06-27,117.36003112792969,-8.43738575727615e-05
2023-06-28,119.19486236572266,0.015634208854229836
2023-06-29,118.12371063232422,-0.008986559589387766
2023-06-30,118.71878814697266,0.005037748234143269
2023-07-03,118.91716003417969,0.0016709392868923256
2023-07-05,120.75198364257812,0.015429426735982021
2023-07-06,119.12541961669922,-0.013470288245479134
2023-07-07,118.50060272216797,-0.005245034154269357
2023-07-10,115.49542999267578,-0.025359978434354447
2023-07-11,116.17977142333984,0.005925268477787071
2023-07-12,117.95511627197266,0.015281015161957567
2023-07-13,123.51911163330078,0.04717044531157977
2023-07-14,124.39189910888672,0.007066011599703215
2023-07-17,123.62821960449219,-0.006139302558006987
2023-07-18,122.7455062866211,-0.007140063334205138
2023-07-19,121.02969360351562,-0.013978619136564618
2023-07-20,118.22288513183594,-0.023191073100412796
2023-07-21,119.03617858886719,0.006879323374017643
2023-07-24,120.53378295898438,0.012581085749481913
2023-07-25,121.20821380615234,0.005595367793255646
2023-07-26,128.21034240722656,0.05776942321972234
2023-07-27,128.3393096923828,0.0010059039133256675
2023-07-28,131.4932098388672,0.024574700877260325
2023-07-31,131.63204956054688,0.0010558698951057544
2023-08-01,130.4716339111328,-0.008815601164671616
2023-08-02,127.32765197753906,-0.02409705343105606
2023-08-03,127.39705657958984,0.000545086640433956
2023-08-04,127.05985260009766,-0.0026468741786158656
2023-08-07,130.45181274414062,0.02669576640167115
2023-08-08,130.3228759765625,-0.0009883861700795693
2023-08-09,128.59713745117188,-0.01324202303286326
2023-08-10,128.6269073486328,0.00023149735718064335
2023-08-11,128.4979705810547,-0.001002408984526526
2023-08-14,130.2534637451172,0.013661641161524463
2023-08-15,128.71617126464844,-0.011802315548989584
2023-08-16,127.64501953125,-0.008321811648639543
2023-08-17,128.8550262451172,0.009479466714100493
2023-08-18,126.4151840209961,-0.018934785046567426
2023-08-21,127.31771850585938,0.007139446830322083
2023-08-22,128.0218963623047,0.005530870838004409
2023-08-23,131.284912109375,0.02548795041932439
2023-08-24,128.71617126464844,-0.019566154278158887
2023-08-25,128.8153533935547,0.0007705490920975056
2023-08-28,129.93609619140625,0.008700382123142392
2023-08-29,133.46690368652344,0.027173415229560405
2023-08-30,134.76617431640625,0.009734777641462689
2023-08-31,135.05377197265625,0.002134049272443983
2023-09-01,134.54795837402344,-0.003745275613147747
2023-09-05,134.6570587158203,0.0008108658289232018
2023-09-06,133.35781860351562,-0.00964851100042663
2023-09-07,134.15122985839844,0.005949491849755573
2023-09-08,135.2620849609375,0.008280618103252646
2023-09-11,135.797607421875,0.003959146874692676
2023-09-12,134.23056030273438,-0.011539578265708061
2023-09-13,135.58935546875,0.010122845073067488
2023-09-14,136.96798706054688,0.01016769780364224
2023-09-15,136.273681640625,-0.005069107276979623
2023-09-18,137.07705688476562,0.005895307402490557
2023-09-19,136.908447265625,-0.0012300353025697097
2023-09-20,132.6437225341797,-0.03115019428400234
2023-09-21,129.37074279785156,-0.02467496896044019
2023-09-22,129.1822967529297,-0.001456635718760091
2023-09-25,130.03524780273438,0.006602693025624218
2023-09-26,127.51608276367188,-0.019372939888453233
2023-09-27,129.4699249267578,0.015322319512488747
2023-09-28,131.22543334960938,0.013559198584881083
2023-09-29,129.78732299804688,-0.010959082510561102
2023-10-02,133.07017517089844,0.025294089569140477
2023-10-03,131.34445190429688,-0.012968520289277863
2023-10-04,134.13140869140625,0.02121868679417127
2023-10-05,133.96279907226562,-0.001257048000804506
2023-10-06,136.4522247314453,0.018582962407621695
2023-10-09,137.28533935546875,0.006105540790288355
2023-10-10,136.92828369140625,-0.0026008287974434996
2023-10-11,139.39788818359375,0.01803575145769898
2023-10-12,137.83084106445312,-0.011241541314289893
2023-10-13,136.23403930664062,-0.01158522828040931
2023-10-16,137.95977783203125,0.012667454728449101
2023-10-17,138.57467651367188,0.004457086632810192
2023-10-18,136.82913208007812,-0.012596417162998308
2023-10-19,136.62083435058594,-0.001522320037594671
2023-10-20,134.48846435546875,-0.015607941535807468
2023-10-23,135.38108825683594,0.006637178182121728
2023-10-24,137.67213439941406,0.01692294080419643
2023-10-25,124.58036041259766,-0.09509385500507006
2023-10-26,121.27763366699219,-0.026510813860765592
2023-10-27,121.16854858398438,-0.0008994657935637029
2023-10-30,123.43977355957031,0.018744344156369053
2023-10-31,123.0628890991211,-0.0030531849628462338
2023-11-01,125.41345977783203,0.019100564726850067
2023-11-02,126.44493103027344,0.008224565802336103
2023-11-03,128.04173278808594,0.012628436306633795
2023-11-06,129.1822967529297,0.008907751715071077
2023-11-07,129.89642333984375,0.005528053029432378
2023-11-08,130.75929260253906,0.0066427484337872045
2023-11-09,129.17239379882812,-0.012136030809944298
2023-11-10,131.5031280517578,0.01804359417972501
2023-11-13,131.00721740722656,-0.003771093903835232
2023-11-14,132.52468872070312,0.01158311231632081
2023-11-15,133.51646423339844,0.007483703770740258
2023-11-16,135.80755615234375,0.017159620965848
2023-11-17,134.20082092285156,-0.011830970786999573
2023-11-20,135.1331024169922,0.006946913496725715
2023-11-21,135.84722900390625,0.005284616234965345
2023-11-22,137.35476684570312,0.011097302851525326
2023-11-24,135.5695037841797,-0.012997459808066991
2023-11-27,135.29180908203125,-0.002048356705579679
2023-11-28,136.0753173828125,0.005791247127948429
2023-11-29,133.88343811035156,-0.016107838766193372
2023-11-30,131.443603515625,-0.01822357290164267
2023-12-01,130.77911376953125,-0.005055322041705557
2023-12-04,128.21034240722656,-0.01964206124558676
2023-12-05,129.91624450683594,0.013305495232132092
2023-12-06,128.95420837402344,-0.007405048817908821
2023-12-07,135.80755615234375,0.053145592258940555
2023-12-08,133.88343811035156,-0.01416797486462229
2023-12-11,132.1973876953125,-0.012593420357560281
2023-12-12,131.4337158203125,-0.00577675465690819
2023-12-13,131.48329162597656,0.0003771924529003545
2023-12-14,130.8584747314453,-0.00475206307055831
2023-12-15,131.51303100585938,0.005002016688314459
2023-12-18,134.68682861328125,0.024132951564932448
2023-12-19,135.5298309326172,0.006258981134349861
2023-12-20,137.20602416992188,0.012367706989452776
2023-12-21,139.26893615722656,0.0150351414945884
2023-12-22,140.33018493652344,0.007620139914753077
2023-12-26,140.3599395751953,0.0002120330610646537
2023-12-27,139.2193603515625,-0.008126102270240465
2023-12-28,139.08050537109375,-0.0009973826924509765
2023-12-29,138.54493713378906,-0.0038507786254852183
